<configuration>

    <!--<appender name="STDOUT" class="ch.qos.logback.core.ConsoleAppender">
        <encoder>
            <pattern>%highlight([%level]) %d{HH:mm:ss.SSS} %black([%thread]) - %msg %n</pattern>
        </encoder>
    </appender>-->

    <appender name="boldRed" class="ch.qos.logback.core.ConsoleAppender">
        <encoder>
            <pattern>%highlight([%level]) %d{HH:mm:ss.SSS} %boldRed([%thread]) - %msg %n</pattern>
        </encoder>
    </appender>

    <appender name="boldBlue" class="ch.qos.logback.core.ConsoleAppender">
        <encoder>
            <pattern>%highlight([%level]) %d{HH:mm:ss.SSS} %boldBlue([%thread]) - %msg %n</pattern>
        </encoder>
    </appender>

    <appender name="boldGreen" class="ch.qos.logback.core.ConsoleAppender">
        <encoder>
            <pattern>%highlight([%level]) %d{HH:mm:ss.SSS} %boldGreen([%thread]) - %msg %n</pattern>
        </encoder>
    </appender>

    <appender name="boldYellow" class="ch.qos.logback.core.ConsoleAppender">
        <encoder>
            <pattern>%highlight([%level]) %d{HH:mm:ss.SSS} %boldYellow([%thread]) - %msg %n</pattern>
        </encoder>
    </appender>

    <appender name="boldMagenta" class="ch.qos.logback.core.ConsoleAppender">
        <encoder>
            <pattern>%highlight([%level]) %d{HH:mm:ss.SSS} %boldMagenta([%thread]) - %msg %n</pattern>
        </encoder>
    </appender>

    <appender name="boldCyan" class="ch.qos.logback.core.ConsoleAppender">
        <encoder>
            <pattern>%highlight([%level]) %d{HH:mm:ss.SSS} %boldCyan([%thread]) - %msg %n</pattern>
        </encoder>
    </appender>

    <appender name="boldWhite" class="ch.qos.logback.core.ConsoleAppender">
        <encoder>
            <pattern>%highlight([%level]) %d{HH:mm:ss.SSS} %boldWhite([%thread]) - %msg %n</pattern>
        </encoder>
    </appender>

    <appender name="STDOUT" class="ch.qos.logback.classic.sift.SiftingAppender">
        <discriminator>
            <key>thread</key>
            <defaultValue>cyan</defaultValue>
        </discriminator>
        <sift>
            <appender name="thread-${thread}" class="ch.qos.logback.core.ConsoleAppender">
                <encoder>
                    <pattern>%highlight([%level]) %d{HH:mm:ss.SSS} %black([%thread]) - %${thread}(%msg) %n</pattern>
                </encoder>
            </appender>
        </sift>
    </appender>

    <logger name="org.springframework.jdbc.datasource.DataSourceTransactionManager" level="DEBUG" additivity="false">
        <appender-ref ref="STDOUT"/>
    </logger>

    <logger name="day04.tx.app" level="DEBUG" additivity="false">
        <appender-ref ref="STDOUT"/>
    </logger>

    <logger name="A" level="DEBUG" additivity="false">
        <appender-ref ref="boldRed"/>
    </logger>

    <logger name="B" level="DEBUG" additivity="false">
        <appender-ref ref="boldBlue"/>
    </logger>

    <logger name="C" level="DEBUG" additivity="false">
        <appender-ref ref="boldGreen"/>
    </logger>

    <logger name="D" level="DEBUG" additivity="false">
        <appender-ref ref="boldYellow"/>
    </logger>

    <logger name="E" level="DEBUG" additivity="false">
        <appender-ref ref="boldMagenta"/>
    </logger>

    <logger name="F" level="DEBUG" additivity="false">
        <appender-ref ref="boldCyan"/>
    </logger>

    <logger name="G" level="DEBUG" additivity="false">
        <appender-ref ref="boldWhite"/>
    </logger>

    <root level="INFO">
        <appender-ref ref="STDOUT"/>
    </root>
</configuration>